wheelbase,Lap Time (s)
1.0,95.55389377925769
1.25,95.0764741507106
1.5,94.61202721507316
1.75,94.15997798964061
2.0,93.71985834338439
