wheelbase,Lap Time (s)
1.0,65.92422148945752
1.25,65.92422148945752
1.5,65.92422148945752
1.75,65.92422148945752
2.0,65.89401464786259
